<?xml version="1.0" encoding="UTF-8"?>
<MD_Metadata xmlns="http://www.isotc211.org/2005/gmd" xmlns:gco="http://www.isotc211.org/2005/gco" xmlns:gts="http://www.isotc211.org/2005/gts" xmlns:srv="http://www.isotc211.org/2005/srv" xmlns:gml="http://www.opengis.net/gml" xmlns:xlink="http://www.w3.org/1999/xlink" xmlns:xsi="http://www.w3.org/2001/XMLSchema-instance">
  <fileIdentifier>
    <gco:CharacterString>edu.stanford.purl:jk311kt1550</gco:CharacterString>
  </fileIdentifier>
  <language>
    <LanguageCode codeList="http://www.loc.gov/standards/iso639-2/php/code_list.php" codeListValue="eng" codeSpace="ISO639-2">eng</LanguageCode>
  </language>
  <characterSet>
    <MD_CharacterSetCode codeList="http://www.isotc211.org/2005/resources/Codelist/gmxCodelists.xml#MD_CharacterSetCode" codeListValue="utf8" codeSpace="ISOTC211/19115">utf8</MD_CharacterSetCode>
  </characterSet>
  <parentIdentifier>
    <gco:CharacterString>http://purl.stanford.edu/qw778bk1665.mods</gco:CharacterString>
  </parentIdentifier>
  <hierarchyLevel>
    <MD_ScopeCode codeList="http://www.isotc211.org/2005/resources/Codelist/gmxCodelists.xml#MD_ScopeCode" codeListValue="dataset" codeSpace="ISOTC211/19115">dataset</MD_ScopeCode>
  </hierarchyLevel>
  <hierarchyLevelName>
    <gco:CharacterString>dataset</gco:CharacterString>
  </hierarchyLevelName>
  <contact>
    <CI_ResponsibleParty>
      <individualName>
        <gco:CharacterString>Michael O'Neill</gco:CharacterString>
      </individualName>
      <organisationName>
        <gco:CharacterString>California Office of Statewide Planning and Development</gco:CharacterString>
      </organisationName>
      <positionName>
        <gco:CharacterString>Senior GIS Architect</gco:CharacterString>
      </positionName>
      <contactInfo>
        <CI_Contact>
          <phone>
            <CI_Telephone>
              <voice>
                <gco:CharacterString>(916) 326-3982</gco:CharacterString>
              </voice>
            </CI_Telephone>
          </phone>
          <address>
            <CI_Address>
              <deliveryPoint>
                <gco:CharacterString>400 R Street</gco:CharacterString>
              </deliveryPoint>
              <city>
                <gco:CharacterString>Sacramento</gco:CharacterString>
              </city>
              <administrativeArea>
                <gco:CharacterString>CA</gco:CharacterString>
              </administrativeArea>
              <postalCode>
                <gco:CharacterString>95811</gco:CharacterString>
              </postalCode>
              <country>
                <gco:CharacterString>US</gco:CharacterString>
              </country>
              <electronicMailAddress>
                <gco:CharacterString>moneill@oshpd.ca.gov</gco:CharacterString>
              </electronicMailAddress>
            </CI_Address>
          </address>
        </CI_Contact>
      </contactInfo>
      <role>
        <CI_RoleCode codeList="http://www.isotc211.org/2005/resources/Codelist/gmxCodelists.xml#CI_RoleCode" codeListValue="pointOfContact" codeSpace="ISOTC211/19115">pointOfContact</CI_RoleCode>
      </role>
    </CI_ResponsibleParty>
  </contact>
  <contact>
    <CI_ResponsibleParty>
      <organisationName>
        <gco:CharacterString>Stanford Geospatial Center</gco:CharacterString>
      </organisationName>
      <contactInfo>
        <CI_Contact>
          <phone>
            <CI_Telephone>
              <voice>
                <gco:CharacterString>650-723-2746</gco:CharacterString>
              </voice>
            </CI_Telephone>
          </phone>
          <address>
            <CI_Address>
              <deliveryPoint>
                <gco:CharacterString>Mitchell Bldg. 2nd floor</gco:CharacterString>
              </deliveryPoint>
              <deliveryPoint>
                <gco:CharacterString>397 Panama Mall</gco:CharacterString>
              </deliveryPoint>
              <city>
                <gco:CharacterString>Stanford</gco:CharacterString>
              </city>
              <administrativeArea>
                <gco:CharacterString>California</gco:CharacterString>
              </administrativeArea>
              <postalCode>
                <gco:CharacterString>94305</gco:CharacterString>
              </postalCode>
              <country>
                <gco:CharacterString>US</gco:CharacterString>
              </country>
              <electronicMailAddress>
                <gco:CharacterString>brannerlibrary@stanford.edu</gco:CharacterString>
              </electronicMailAddress>
            </CI_Address>
          </address>
        </CI_Contact>
      </contactInfo>
      <role>
        <CI_RoleCode codeList="http://www.isotc211.org/2005/resources/Codelist/gmxCodelists.xml#CI_RoleCode" codeListValue="pointOfContact" codeSpace="ISOTC211/19115">pointOfContact</CI_RoleCode>
      </role>
    </CI_ResponsibleParty>
  </contact>
  <dateStamp>
    <gco:Date>2016-07-03</gco:Date>
  </dateStamp>
  <metadataStandardName>
    <gco:CharacterString>ISO 19139 Geographic Information - Metadata - Implementation Specification</gco:CharacterString>
  </metadataStandardName>
  <metadataStandardVersion>
    <gco:CharacterString>2007</gco:CharacterString>
  </metadataStandardVersion>
  <dataSetURI>
    <gco:CharacterString>http://purl.stanford.edu/jk311kt1550</gco:CharacterString>
  </dataSetURI>
  <spatialRepresentationInfo>
    <MD_VectorSpatialRepresentation>
      <topologyLevel>
        <MD_TopologyLevelCode codeList="http://www.isotc211.org/2005/resources/Codelist/gmxCodelists.xml#MD_TopologyLevelCode" codeListValue="geometryOnly" codeSpace="ISOTC211/19115">geometryOnly</MD_TopologyLevelCode>
      </topologyLevel>
      <geometricObjects>
        <MD_GeometricObjects>
          <geometricObjectType>
            <MD_GeometricObjectTypeCode codeList="http://www.isotc211.org/2005/resources/Codelist/gmxCodelists.xml#MD_GeometricObjectTypeCode" codeListValue="point" codeSpace="ISOTC211/19115">point</MD_GeometricObjectTypeCode>
          </geometricObjectType>
          <geometricObjectCount>
            <gco:Integer>278</gco:Integer>
          </geometricObjectCount>
        </MD_GeometricObjects>
      </geometricObjects>
    </MD_VectorSpatialRepresentation>
  </spatialRepresentationInfo>
  <referenceSystemInfo>
    <MD_ReferenceSystem>
      <referenceSystemIdentifier>
        <RS_Identifier>
          <code>
            <gco:CharacterString>3310</gco:CharacterString>
          </code>
          <codeSpace>
            <gco:CharacterString>EPSG</gco:CharacterString>
          </codeSpace>
          <version>
            <gco:CharacterString>8.6.2</gco:CharacterString>
          </version>
        </RS_Identifier>
      </referenceSystemIdentifier>
    </MD_ReferenceSystem>
  </referenceSystemInfo>
  <identificationInfo>
    <MD_DataIdentification>
      <citation>
        <CI_Citation>
          <title>
            <gco:CharacterString>Rural Clinics, California, 2013</gco:CharacterString>
          </title>
          <date>
            <CI_Date>
              <date>
                <gco:Date>2013-09-01</gco:Date>
              </date>
              <dateType>
                <CI_DateTypeCode codeList="http://www.isotc211.org/2005/resources/Codelist/gmxCodelists.xml#CI_DateTypeCode" codeListValue="publication" codeSpace="ISOTC211/19115">publication</CI_DateTypeCode>
              </dateType>
            </CI_Date>
          </date>
          <identifier>
            <MD_Identifier>
              <code>
                <gco:CharacterString>http://purl.stanford.edu/jk311kt1550</gco:CharacterString>
              </code>
            </MD_Identifier>
          </identifier>
          <citedResponsibleParty>
            <CI_ResponsibleParty>
              <organisationName>
                <gco:CharacterString>California. Office of Statewide Health Planning and Development</gco:CharacterString>
              </organisationName>
              <role>
                <CI_RoleCode codeList="http://www.isotc211.org/2005/resources/Codelist/gmxCodelists.xml#CI_RoleCode" codeListValue="originator" codeSpace="ISOTC211/19115">originator</CI_RoleCode>
              </role>
            </CI_ResponsibleParty>
          </citedResponsibleParty>
          <citedResponsibleParty>
            <CI_ResponsibleParty>
              <organisationName>
                <gco:CharacterString>California. Office of Statewide Health Planning and Development</gco:CharacterString>
              </organisationName>
              <contactInfo>
                <CI_Contact>
                  <address>
                    <CI_Address>
                      <city>
                        <gco:CharacterString>Sacramento</gco:CharacterString>
                      </city>
                      <country>
                        <gco:CharacterString>US</gco:CharacterString>
                      </country>
                    </CI_Address>
                  </address>
                </CI_Contact>
              </contactInfo>
              <role>
                <CI_RoleCode codeList="http://www.isotc211.org/2005/resources/Codelist/gmxCodelists.xml#CI_RoleCode" codeListValue="publisher" codeSpace="ISOTC211/19115">publisher</CI_RoleCode>
              </role>
            </CI_ResponsibleParty>
          </citedResponsibleParty>
          <presentationForm>
            <CI_PresentationFormCode codeList="http://www.isotc211.org/2005/resources/Codelist/gmxCodelists.xml#CI_PresentationFormCode" codeListValue="mapDigital" codeSpace="ISOTC211/19115">mapDigital</CI_PresentationFormCode>
          </presentationForm>
          <collectiveTitle>
            <gco:CharacterString>Healthcare Atlas of California</gco:CharacterString>
          </collectiveTitle>
        </CI_Citation>
      </citation>
      <abstract>
        <gco:CharacterString>This point shapefile represents rural healthcare clinics in California as of August 27, 2013. This layer is part of the Healthcare Atlas of California.</gco:CharacterString>
      </abstract>
      <purpose>
        <gco:CharacterString>This layer provides location information for mapping rural healthcare clinics in California.</gco:CharacterString>
      </purpose>
      <credit>
        <gco:CharacterString>California Office of Statewide Health Planning and Development. (2013). Rural Clinics, California, 2013. California Office of Statewide Health Planning and Development. Available at:  http://purl.stanford.edu/jk311kt1550.</gco:CharacterString>
      </credit>
      <status>
        <MD_ProgressCode codeList="http://www.isotc211.org/2005/resources/Codelist/gmxCodelists.xml#MD_ProgressCode" codeListValue="completed" codeSpace="ISOTC211/19115">completed</MD_ProgressCode>
      </status>
      <pointOfContact>
        <CI_ResponsibleParty>
          <individualName>
            <gco:CharacterString>Mike O'Neill</gco:CharacterString>
          </individualName>
          <organisationName>
            <gco:CharacterString>California Office of Statewide Health Planning and Development</gco:CharacterString>
          </organisationName>
          <positionName>
            <gco:CharacterString>Senior GIS Architect</gco:CharacterString>
          </positionName>
          <contactInfo>
            <CI_Contact>
              <phone>
                <CI_Telephone>
                  <voice>
                    <gco:CharacterString>(916) 326-3982</gco:CharacterString>
                  </voice>
                </CI_Telephone>
              </phone>
              <address>
                <CI_Address>
                  <deliveryPoint>
                    <gco:CharacterString>400 R Street</gco:CharacterString>
                  </deliveryPoint>
                  <city>
                    <gco:CharacterString>Sacramento</gco:CharacterString>
                  </city>
                  <administrativeArea>
                    <gco:CharacterString>CA</gco:CharacterString>
                  </administrativeArea>
                  <postalCode>
                    <gco:CharacterString>95811</gco:CharacterString>
                  </postalCode>
                  <country>
                    <gco:CharacterString>US</gco:CharacterString>
                  </country>
                  <electronicMailAddress>
                    <gco:CharacterString>giswebmaster@oshpd.ca.gov</gco:CharacterString>
                  </electronicMailAddress>
                </CI_Address>
              </address>
            </CI_Contact>
          </contactInfo>
          <role>
            <CI_RoleCode codeList="http://www.isotc211.org/2005/resources/Codelist/gmxCodelists.xml#CI_RoleCode" codeListValue="pointOfContact" codeSpace="ISOTC211/19115">pointOfContact</CI_RoleCode>
          </role>
        </CI_ResponsibleParty>
      </pointOfContact>
      <resourceMaintenance>
        <MD_MaintenanceInformation>
          <maintenanceAndUpdateFrequency>
            <MD_MaintenanceFrequencyCode codeList="http://www.isotc211.org/2005/resources/Codelist/gmxCodelists.xml#MD_MaintenanceFrequencyCode" codeListValue="irregular" codeSpace="ISOTC211/19115">irregular</MD_MaintenanceFrequencyCode>
          </maintenanceAndUpdateFrequency>
        </MD_MaintenanceInformation>
      </resourceMaintenance>
      <descriptiveKeywords>
        <MD_Keywords>
          <keyword>
            <gco:CharacterString>California</gco:CharacterString>
          </keyword>
          <type>
            <MD_KeywordTypeCode codeList="http://www.isotc211.org/2005/resources/Codelist/gmxCodelists.xml#MD_KeywordTypeCode" codeListValue="place" codeSpace="ISOTC211/19115">place</MD_KeywordTypeCode>
          </type>
          <thesaurusName>
            <CI_Citation>
              <title>
                <gco:CharacterString>geonames</gco:CharacterString>
              </title>
              <date>
                <CI_Date>
                  <date>
                    <gco:Date>2012-11-01</gco:Date>
                  </date>
                  <dateType>
                    <CI_DateTypeCode codeList="http://www.isotc211.org/2005/resources/Codelist/gmxCodelists.xml#CI_DateTypeCode" codeListValue="revision" codeSpace="ISOTC211/19115">revision</CI_DateTypeCode>
                  </dateType>
                </CI_Date>
              </date>
              <edition>
                <gco:CharacterString>3.1</gco:CharacterString>
              </edition>
              <identifier>
                <MD_Identifier>
                  <code>
                    <gco:CharacterString>http://www.geonames.org/ontology#</gco:CharacterString>
                  </code>
                </MD_Identifier>
              </identifier>
            </CI_Citation>
          </thesaurusName>
        </MD_Keywords>
      </descriptiveKeywords>
      <descriptiveKeywords>
        <MD_Keywords>
          <keyword>
            <gco:CharacterString>Rural clinics</gco:CharacterString>
          </keyword>
          <keyword>
            <gco:CharacterString>Health facilities</gco:CharacterString>
          </keyword>
          <keyword>
            <gco:CharacterString>Community health services</gco:CharacterString>
          </keyword>
          <type>
            <MD_KeywordTypeCode codeList="http://www.isotc211.org/2005/resources/Codelist/gmxCodelists.xml#MD_KeywordTypeCode" codeListValue="theme" codeSpace="ISOTC211/19115">theme</MD_KeywordTypeCode>
          </type>
          <thesaurusName>
            <CI_Citation>
              <title>
                <gco:CharacterString>lcsh</gco:CharacterString>
              </title>
              <date>
                <CI_Date>
                  <date>
                    <gco:Date>2011-04-26</gco:Date>
                  </date>
                  <dateType>
                    <CI_DateTypeCode codeList="http://www.isotc211.org/2005/resources/Codelist/gmxCodelists.xml#CI_DateTypeCode" codeListValue="revision" codeSpace="ISOTC211/19115">revision</CI_DateTypeCode>
                  </dateType>
                </CI_Date>
              </date>
              <identifier>
                <MD_Identifier>
                  <code>
                    <gco:CharacterString>http://id.loc.gov/authorities/subjects.html</gco:CharacterString>
                  </code>
                </MD_Identifier>
              </identifier>
            </CI_Citation>
          </thesaurusName>
        </MD_Keywords>
      </descriptiveKeywords>
      <descriptiveKeywords>
        <MD_Keywords>
          <keyword>
            <gco:CharacterString>Downloadable Data</gco:CharacterString>
          </keyword>
          <thesaurusName uuidref="723f6998-058e-11dc-8314-0800200c9a66"/>
        </MD_Keywords>
      </descriptiveKeywords>
      <resourceConstraints>
        <MD_Constraints>
          <useLimitation>
            <gco:CharacterString>The State of California, Health and Human Services Agency, and the Office of Statewide Health Planning and Development make no representations or warranties regarding the accuracy of data or maps. The user will not seek to hold the State or the Department liable under any circumstances for any damages with respect to any claim by the user or any third party on account of or arising from the use of data or maps. The user will cite the Office of Statewide Health Planning and Development as the original source of the data, but will clearly denote cases where the original data have been updated, modified, or in any way altered from the original condition. There are no restrictions on distribution of the data by users. However, users are encouraged to refer others to the Office of Statewide Health Planning and Development to acquire the data, in case updated data become available.</gco:CharacterString>
          </useLimitation>
        </MD_Constraints>
      </resourceConstraints>
      <aggregationInfo>
        <MD_AggregateInformation>
          <aggregateDataSetName>
            <CI_Citation>
              <title>
                <gco:CharacterString>Healthcare Atlas of California</gco:CharacterString>
              </title>
              <date gco:nilReason="missing"/>
              <identifier>
                <MD_Identifier>
                  <code>
                    <gco:CharacterString>http://purl.stanford.edu/qw778bk1665</gco:CharacterString>
                  </code>
                </MD_Identifier>
              </identifier>
            </CI_Citation>
          </aggregateDataSetName>
          <associationType>
            <DS_AssociationTypeCode codeList="http://www.isotc211.org/2005/resources/Codelist/gmxCodelists.xml#DS_AssociationTypeCode" codeListValue="largerWorkCitation" codeSpace="ISOTC211/19115">largerWorkCitation</DS_AssociationTypeCode>
          </associationType>
          <initiativeType>
            <DS_InitiativeTypeCode codeList="http://www.isotc211.org/2005/resources/Codelist/gmxCodelists.xml#DS_InitiativeTypeCode" codeListValue="collection" codeSpace="ISOTC211/19115">collection</DS_InitiativeTypeCode>
          </initiativeType>
        </MD_AggregateInformation>
      </aggregationInfo>
      <spatialRepresentationType>
        <MD_SpatialRepresentationTypeCode codeList="http://www.isotc211.org/2005/resources/Codelist/gmxCodelists.xml#MD_SpatialRepresentationTypeCode" codeListValue="vector" codeSpace="ISOTC211/19115">vector</MD_SpatialRepresentationTypeCode>
      </spatialRepresentationType>
      <language>
        <LanguageCode codeList="http://www.loc.gov/standards/iso639-2/php/code_list.php" codeListValue="eng" codeSpace="ISO639-2">eng</LanguageCode>
      </language>
      <characterSet>
        <MD_CharacterSetCode codeList="http://www.isotc211.org/2005/resources/Codelist/gmxCodelists.xml#MD_CharacterSetCode" codeListValue="utf8" codeSpace="ISOTC211/19115">utf8</MD_CharacterSetCode>
      </characterSet>
      <topicCategory>
        <MD_TopicCategoryCode>health</MD_TopicCategoryCode>
      </topicCategory>
      <topicCategory>
        <MD_TopicCategoryCode>structure</MD_TopicCategoryCode>
      </topicCategory>
      <environmentDescription>
        <gco:CharacterString>Microsoft Windows 7 Version 6.1 (Build 7601) Service Pack 1; Esri ArcGIS 10.3.1.4959</gco:CharacterString>
      </environmentDescription>
      <extent>
        <EX_Extent>
          <description>
            <gco:CharacterString>ground condition</gco:CharacterString>
          </description>
          <temporalElement>
            <EX_TemporalExtent>
              <extent>
                <gml:TimeInstant gml:id="idp276448">
                  <gml:timePosition>2013-08-27T00:00:00</gml:timePosition>
                </gml:TimeInstant>
              </extent>
            </EX_TemporalExtent>
          </temporalElement>
        </EX_Extent>
      </extent>
      <extent>
        <EX_Extent>
          <geographicElement>
            <EX_GeographicBoundingBox>
              <extentTypeCode>
                <gco:Boolean>true</gco:Boolean>
              </extentTypeCode>
              <westBoundLongitude>
                <gco:Decimal>-124.226623</gco:Decimal>
              </westBoundLongitude>
              <eastBoundLongitude>
                <gco:Decimal>-114.915807</gco:Decimal>
              </eastBoundLongitude>
              <southBoundLatitude>
                <gco:Decimal>32.678124</gco:Decimal>
              </southBoundLatitude>
              <northBoundLatitude>
                <gco:Decimal>41.842302</gco:Decimal>
              </northBoundLatitude>
            </EX_GeographicBoundingBox>
          </geographicElement>
        </EX_Extent>
      </extent>
      <supplementalInformation>
        <gco:CharacterString>Licensed healthcare facility address data are extracted from the the Automated Licensing Information and Report Tracking System (ALIRTS), an OSHPD information system. All address data are validated against a U.S. Postal Service address database and geocoded using ArcInfo Desktop 9.x against Tele Atlas (GDT) Dynamap/2000 reference data sets, v13, 14, 15.</gco:CharacterString>
      </supplementalInformation>
    </MD_DataIdentification>
  </identificationInfo>
  <contentInfo>
    <MD_FeatureCatalogueDescription>
      <complianceCode>
        <gco:Boolean>false</gco:Boolean>
      </complianceCode>
      <language>
        <LanguageCode codeList="http://www.loc.gov/standards/iso639-2/php/code_list.php" codeListValue="eng" codeSpace="ISO639-2">eng</LanguageCode>
      </language>
      <includedWithDataset>
        <gco:Boolean>true</gco:Boolean>
      </includedWithDataset>
      <featureCatalogueCitation>
        <CI_Citation>
          <title>
            <gco:CharacterString>Feature catalog for Rural Clinics, California, 2013</gco:CharacterString>
          </title>
          <date gco:nilReason="missing"/>
          <identifier>
            <MD_Identifier>
              <code>
                <gco:CharacterString>7df20162-f8ef-47b8-863d-662838c99242</gco:CharacterString>
              </code>
            </MD_Identifier>
          </identifier>
        </CI_Citation>
      </featureCatalogueCitation>
    </MD_FeatureCatalogueDescription>
  </contentInfo>
  <distributionInfo>
    <MD_Distribution>
      <distributionFormat>
        <MD_Format>
          <name>
            <gco:CharacterString>Shapefile</gco:CharacterString>
          </name>
          <version gco:nilReason="missing"/>
        </MD_Format>
      </distributionFormat>
      <distributor>
        <MD_Distributor>
          <distributorContact>
            <CI_ResponsibleParty>
              <organisationName>
                <gco:CharacterString>Stanford Geospatial Center</gco:CharacterString>
              </organisationName>
              <contactInfo>
                <CI_Contact>
                  <phone>
                    <CI_Telephone>
                      <voice>
                        <gco:CharacterString>650-723-2746</gco:CharacterString>
                      </voice>
                    </CI_Telephone>
                  </phone>
                  <address>
                    <CI_Address>
                      <deliveryPoint>
                        <gco:CharacterString>Branner Earth Sciences Library</gco:CharacterString>
                      </deliveryPoint>
                      <city>
                        <gco:CharacterString>Stanford</gco:CharacterString>
                      </city>
                      <administrativeArea>
                        <gco:CharacterString>California</gco:CharacterString>
                      </administrativeArea>
                      <postalCode>
                        <gco:CharacterString>94305</gco:CharacterString>
                      </postalCode>
                      <country>
                        <gco:CharacterString>US</gco:CharacterString>
                      </country>
                      <electronicMailAddress>
                        <gco:CharacterString>brannerlibrary@stanford.edu</gco:CharacterString>
                      </electronicMailAddress>
                    </CI_Address>
                  </address>
                </CI_Contact>
              </contactInfo>
              <role>
                <CI_RoleCode codeList="http://www.isotc211.org/2005/resources/Codelist/gmxCodelists.xml#CI_RoleCode" codeListValue="distributor" codeSpace="ISOTC211/19115">distributor</CI_RoleCode>
              </role>
            </CI_ResponsibleParty>
          </distributorContact>
        </MD_Distributor>
      </distributor>
      <transferOptions>
        <MD_DigitalTransferOptions>
          <transferSize>
            <gco:Real>0.008</gco:Real>
          </transferSize>
          <onLine>
            <CI_OnlineResource>
              <linkage>
                <URL>http://purl.stanford.edu/jk311kt1550</URL>
              </linkage>
              <protocol>
                <gco:CharacterString>http</gco:CharacterString>
              </protocol>
              <name>
                <gco:CharacterString>RuralClinics.shp</gco:CharacterString>
              </name>
              <function>
                <CI_OnLineFunctionCode codeList="http://www.isotc211.org/2005/resources/Codelist/gmxCodelists.xml#CI_OnLineFunctionCode" codeListValue="download" codeSpace="ISOTC211/19115">download</CI_OnLineFunctionCode>
              </function>
            </CI_OnlineResource>
          </onLine>
        </MD_DigitalTransferOptions>
      </transferOptions>
    </MD_Distribution>
  </distributionInfo>
  <dataQualityInfo>
    <DQ_DataQuality>
      <scope>
        <DQ_Scope>
          <level>
            <MD_ScopeCode codeList="http://www.isotc211.org/2005/resources/Codelist/gmxCodelists.xml#MD_ScopeCode" codeListValue="dataset" codeSpace="ISOTC211/19115">dataset</MD_ScopeCode>
          </level>
        </DQ_Scope>
      </scope>
      <lineage>
        <LI_Lineage>
          <processStep>
            <LI_ProcessStep>
              <description>
                <gco:CharacterString>Updated from ALIRTS.</gco:CharacterString>
              </description>
              <processor>
                <CI_ResponsibleParty>
                  <individualName>
                    <gco:CharacterString>Mike O'Neill</gco:CharacterString>
                  </individualName>
                  <organisationName>
                    <gco:CharacterString>OSHPD - ITSS</gco:CharacterString>
                  </organisationName>
                  <role>
                    <CI_RoleCode codeList="http://www.isotc211.org/2005/resources/Codelist/gmxCodelists.xml#CI_RoleCode" codeListValue="processor" codeSpace="ISOTC211/19115">processor</CI_RoleCode>
                  </role>
                </CI_ResponsibleParty>
              </processor>
              <source>
                <LI_Source>
                  <sourceCitation>
                    <CI_Citation>
                      <title gco:nilReason="missing"/>
                      <alternateTitle>
                        <gco:CharacterString>\\egis-data\vector.egis.lhf_etl_geospatial</gco:CharacterString>
                      </alternateTitle>
                      <date gco:nilReason="missing"/>
                    </CI_Citation>
                  </sourceCitation>
                </LI_Source>
              </source>
            </LI_ProcessStep>
          </processStep>
          <processStep>
            <LI_ProcessStep>
              <description>
                <gco:CharacterString>Updated from ALIRTS system. Copied facility name aliases from previous feature class. Reviewed and updated facility alias names. More Details: Created XY event from source table. Selected records with nonzero lat/long. Project from WGS84 to NAD83 geographic. Project from geographic to CA Teale Albers. Join current feature class to new feature class on OSHPDID and copy over alias names. Verify pre-existing alias names for facilities that were updated in ALIRTS since this was last done; fix as needed. Add new alias names for any facility still missing an alias name. Update metadata. Update into ArcSDE.</gco:CharacterString>
              </description>
              <processor>
                <CI_ResponsibleParty>
                  <individualName>
                    <gco:CharacterString>Michael O'Neill</gco:CharacterString>
                  </individualName>
                  <organisationName>
                    <gco:CharacterString>OSHPD</gco:CharacterString>
                  </organisationName>
                  <role>
                    <CI_RoleCode codeList="http://www.isotc211.org/2005/resources/Codelist/gmxCodelists.xml#CI_RoleCode" codeListValue="processor" codeSpace="ISOTC211/19115">processor</CI_RoleCode>
                  </role>
                </CI_ResponsibleParty>
              </processor>
              <source>
                <LI_Source>
                  <sourceCitation>
                    <CI_Citation>
                      <title gco:nilReason="missing"/>
                      <alternateTitle>
                        <gco:CharacterString>\\egis-data1\vector.dbo.lhf_etl_geospatial</gco:CharacterString>
                      </alternateTitle>
                      <date gco:nilReason="missing"/>
                    </CI_Citation>
                  </sourceCitation>
                </LI_Source>
              </source>
            </LI_ProcessStep>
          </processStep>
          <processStep>
            <LI_ProcessStep>
              <description>
                <gco:CharacterString>Updated from ALIRTS system. Copied facility name aliases from previous feature class. Reviewed and updated facility alias names.</gco:CharacterString>
              </description>
              <processor>
                <CI_ResponsibleParty>
                  <individualName>
                    <gco:CharacterString>Michael O'Neill</gco:CharacterString>
                  </individualName>
                  <organisationName>
                    <gco:CharacterString>OSHPD</gco:CharacterString>
                  </organisationName>
                  <role>
                    <CI_RoleCode codeList="http://www.isotc211.org/2005/resources/Codelist/gmxCodelists.xml#CI_RoleCode" codeListValue="processor" codeSpace="ISOTC211/19115">processor</CI_RoleCode>
                  </role>
                </CI_ResponsibleParty>
              </processor>
              <source>
                <LI_Source>
                  <sourceCitation>
                    <CI_Citation>
                      <title gco:nilReason="missing"/>
                      <alternateTitle>
                        <gco:CharacterString>\\egis-data1\vector.dbo.lhf_etl_geospatial</gco:CharacterString>
                      </alternateTitle>
                      <date gco:nilReason="missing"/>
                    </CI_Citation>
                  </sourceCitation>
                </LI_Source>
              </source>
            </LI_ProcessStep>
          </processStep>
          <processStep>
            <LI_ProcessStep>
              <description>
                <gco:CharacterString>Updated from ALIRTS system. Manually fixed longitude sign on 10 records.</gco:CharacterString>
              </description>
              <processor>
                <CI_ResponsibleParty>
                  <individualName>
                    <gco:CharacterString>Mike O'Neill</gco:CharacterString>
                  </individualName>
                  <organisationName>
                    <gco:CharacterString>Office of Statewide Healthcare Planning and Development</gco:CharacterString>
                  </organisationName>
                  <role>
                    <CI_RoleCode codeList="http://www.isotc211.org/2005/resources/Codelist/gmxCodelists.xml#CI_RoleCode" codeListValue="processor" codeSpace="ISOTC211/19115">processor</CI_RoleCode>
                  </role>
                </CI_ResponsibleParty>
              </processor>
              <source>
                <LI_Source>
                  <sourceCitation>
                    <CI_Citation>
                      <title gco:nilReason="missing"/>
                      <alternateTitle>
                        <gco:CharacterString>\\egis-data1\vector.dbo.lhf_etl_geospatial</gco:CharacterString>
                      </alternateTitle>
                      <date gco:nilReason="missing"/>
                    </CI_Citation>
                  </sourceCitation>
                </LI_Source>
              </source>
            </LI_ProcessStep>
          </processStep>
          <processStep>
            <LI_ProcessStep>
              <description>
                <gco:CharacterString>Updated from ALIRTS system. Copied facility name aliases from previous feature class. Reviewed and updated facility alias names. More Details: Created XY event from source table. Selected records with nonzero lat/long. Project from WGS84 to NAD83 geographic. Project from geographic to CA Teale Albers. Join current feature class to new feature class on OSHPDID and copy over alias names. Verify pre-existing alias names for facilities that were updated in ALIRTS since this was last done; fix as needed. Add new alias names for any facility still missing an alias name. Update metadata. Update into ArcSDE.</gco:CharacterString>
              </description>
              <processor>
                <CI_ResponsibleParty>
                  <individualName>
                    <gco:CharacterString>Mike O'Neill</gco:CharacterString>
                  </individualName>
                  <role>
                    <CI_RoleCode codeList="http://www.isotc211.org/2005/resources/Codelist/gmxCodelists.xml#CI_RoleCode" codeListValue="processor" codeSpace="ISOTC211/19115">processor</CI_RoleCode>
                  </role>
                </CI_ResponsibleParty>
              </processor>
              <source>
                <LI_Source>
                  <sourceCitation>
                    <CI_Citation>
                      <title gco:nilReason="missing"/>
                      <alternateTitle>
                        <gco:CharacterString>\\egis-data1\vector.dbo.lhf_etl_geospatial</gco:CharacterString>
                      </alternateTitle>
                      <date gco:nilReason="missing"/>
                    </CI_Citation>
                  </sourceCitation>
                </LI_Source>
              </source>
              <source>
                <LI_Source>
                  <sourceCitation>
                    <CI_Citation>
                      <title gco:nilReason="missing"/>
                      <alternateTitle>
                        <gco:CharacterString>\\egis-data1\EGIS_Users\2.User_Projects\DMO\Facility_Updates_from_DW\1.Data\Final versions.gdb\Healthcare_Facility_20101111</gco:CharacterString>
                      </alternateTitle>
                      <date gco:nilReason="missing"/>
                    </CI_Citation>
                  </sourceCitation>
                </LI_Source>
              </source>
            </LI_ProcessStep>
          </processStep>
          <processStep>
            <LI_ProcessStep>
              <description>
                <gco:CharacterString>Updated from ALIRTS system.</gco:CharacterString>
              </description>
            </LI_ProcessStep>
          </processStep>
        </LI_Lineage>
      </lineage>
    </DQ_DataQuality>
  </dataQualityInfo>
</MD_Metadata>
