<?xml version="1.0" encoding="UTF-8"?>
<metadata>
  <idinfo>
    <citation>
      <citeinfo>
        <origin/>
        <pubdate>20130901</pubdate>
        <title>Rural Clinics, California, 2013</title>
        <geoform>vector digital data</geoform>
        <pubinfo>
          <pubplace/>
          <publish>California. Office of Statewide Health Planning and Development</publish>
        </pubinfo>
        <onlink>http://purl.stanford.edu/jk311kt1550</onlink>
        <lworkcit>
          <citeinfo>
            <title>Healthcare Atlas of California</title>
          </citeinfo>
        </lworkcit>
      </citeinfo>
    </citation>
    <descript>
      <abstract>This point shapefile represents rural healthcare clinics in California as of August 27, 2013. This layer is part of the Healthcare Atlas of California.</abstract>
      <purpose>This layer provides location information for mapping rural healthcare clinics in California.</purpose>
      <supplinf>Licensed healthcare facility address data are extracted from the the Automated Licensing Information and Report Tracking System (ALIRTS), an OSHPD information system. All address data are validated against a U.S. Postal Service address database and geocoded using ArcInfo Desktop 9.x against Tele Atlas (GDT) Dynamap/2000 reference data sets, v13, 14, 15.</supplinf>
    </descript>
    <timeperd>
      <timeinfo>
        <sngdate>
          <caldate>20130827</caldate>
        </sngdate>
      </timeinfo>
      <current>ground condition</current>
    </timeperd>
    <status>
      <progress>Complete</progress>
      <update>Irregular</update>
    </status>
    <spdom>
      <bounding>
        <westbc>-124.226623</westbc>
        <eastbc>-114.915807</eastbc>
        <northbc>41.842302</northbc>
        <southbc>32.678124</southbc>
      </bounding>
    </spdom>
    <keywords>
      <theme>
        <themekt>lcsh</themekt>
        <themekey>Rural clinics</themekey>
        <themekey>Health facilities</themekey>
        <themekey>Community health services</themekey>
      </theme>
      <theme>
        <themekt>ISO 19115 Topic Categories</themekt>
        <themekey>health</themekey>
        <themekey>structure</themekey>
      </theme>
      <place>
        <placekt>geonames</placekt>
        <placekey>California</placekey>
      </place>
    </keywords>
    <accconst>None</accconst>
    <useconst>The State of California, Health and Human Services Agency, and the Office of Statewide Health Planning and Development make no representations or warranties regarding the accuracy of data or maps. The user will not seek to hold the State or the Department liable under any circumstances for any damages with respect to any claim by the user or any third party on account of or arising from the use of data or maps. The user will cite the Office of Statewide Health Planning and Development as the original source of the data, but will clearly denote cases where the original data have been updated, modified, or in any way altered from the original condition. There are no restrictions on distribution of the data by users. However, users are encouraged to refer others to the Office of Statewide Health Planning and Development to acquire the data, in case updated data become available.</useconst>
    <ptcontac>
      <cntinfo>
        <cntorgp>
          <cntorg>California Office of Statewide Health Planning and Development</cntorg>
          <cntper>Mike O'Neill</cntper>
        </cntorgp>
        <cntpos>Senior GIS Architect</cntpos>
        <cntaddr>
          <addrtype>mailing and physical</addrtype>
          <address>400 R Street</address>
          <city>Sacramento</city>
          <state>CA</state>
          <postal>95811</postal>
          <country>US</country>
        </cntaddr>
        <cntvoice>(916) 326-3982</cntvoice>
        <cntemail>giswebmaster@oshpd.ca.gov</cntemail>
      </cntinfo>
    </ptcontac>
    <datacred>California Office of Statewide Health Planning and Development. (2013). Rural Clinics, California, 2013. California Office of Statewide Health Planning and Development. Available at:  http://purl.stanford.edu/jk311kt1550.</datacred>
    <native>Microsoft Windows 7 Version 6.1 (Build 7601) Service Pack 1; Esri ArcGIS 10.3.1.4959</native>
  </idinfo>
  <dataqual>
    <lineage>
      <procstep>
        <procdesc>Updated from ALIRTS.</procdesc>
        <srcused>\\egis-data\vector.egis.lhf_etl_geospatial</srcused>
        <proccont>
          <cntinfo>
            <cntorgp>
              <cntorg>OSHPD - ITSS</cntorg>
              <cntper>Mike O'Neill</cntper>
            </cntorgp>
          </cntinfo>
        </proccont>
      </procstep>
      <procstep>
        <procdesc>Updated from ALIRTS system. Copied facility name aliases from previous feature class. Reviewed and updated facility alias names. More Details: Created XY event from source table. Selected records with nonzero lat/long. Project from WGS84 to NAD83 geographic. Project from geographic to CA Teale Albers. Join current feature class to new feature class on OSHPDID and copy over alias names. Verify pre-existing alias names for facilities that were updated in ALIRTS since this was last done; fix as needed. Add new alias names for any facility still missing an alias name. Update metadata. Update into ArcSDE.</procdesc>
        <srcused>\\egis-data1\vector.dbo.lhf_etl_geospatial</srcused>
        <proccont>
          <cntinfo>
            <cntorgp>
              <cntorg>OSHPD</cntorg>
              <cntper>Michael O'Neill</cntper>
            </cntorgp>
          </cntinfo>
        </proccont>
      </procstep>
      <procstep>
        <procdesc>Updated from ALIRTS system. Copied facility name aliases from previous feature class. Reviewed and updated facility alias names.</procdesc>
        <srcused>\\egis-data1\vector.dbo.lhf_etl_geospatial</srcused>
        <proccont>
          <cntinfo>
            <cntorgp>
              <cntorg>OSHPD</cntorg>
              <cntper>Michael O'Neill</cntper>
            </cntorgp>
          </cntinfo>
        </proccont>
      </procstep>
      <procstep>
        <procdesc>Updated from ALIRTS system. Manually fixed longitude sign on 10 records.</procdesc>
        <srcused>\\egis-data1\vector.dbo.lhf_etl_geospatial</srcused>
        <proccont>
          <cntinfo>
            <cntorgp>
              <cntorg>Office of Statewide Healthcare Planning and Development</cntorg>
              <cntper>Mike O'Neill</cntper>
            </cntorgp>
          </cntinfo>
        </proccont>
      </procstep>
      <procstep>
        <procdesc>Updated from ALIRTS system. Copied facility name aliases from previous feature class. Reviewed and updated facility alias names. More Details: Created XY event from source table. Selected records with nonzero lat/long. Project from WGS84 to NAD83 geographic. Project from geographic to CA Teale Albers. Join current feature class to new feature class on OSHPDID and copy over alias names. Verify pre-existing alias names for facilities that were updated in ALIRTS since this was last done; fix as needed. Add new alias names for any facility still missing an alias name. Update metadata. Update into ArcSDE.</procdesc>
        <srcused>\\egis-data1\vector.dbo.lhf_etl_geospatial</srcused>
        <srcprod>\\egis-data1\EGIS_Users\2.User_Projects\DMO\Facility_Updates_from_DW\1.Data\Final versions.gdb\Healthcare_Facility_20101111</srcprod>
        <proccont>
          <cntinfo>
            <cntperp>
              <cntper>Mike O'Neill</cntper>
            </cntperp>
          </cntinfo>
        </proccont>
      </procstep>
      <procstep>
        <procdesc>Updated from ALIRTS system.</procdesc>
      </procstep>
    </lineage>
  </dataqual>
  <spdoinfo>
    <direct>Vector</direct>
    <ptvctinf>
      <sdtsterm>
        <sdtstype>Entity point</sdtstype>
        <ptvctcnt>278</ptvctcnt>
      </sdtsterm>
    </ptvctinf>
  </spdoinfo>
  <eainfo>
    <detailed>
      <enttyp>
        <enttypl>RuralClinics</enttypl>
      </enttyp>
      <attr>
        <attrlabl>FID</attrlabl>
        <attrdef>Internal feature number.</attrdef>
        <attrdefs>Esri</attrdefs>
        <attrdomv>
          <udom>Sequential unique whole numbers that are automatically generated.</udom>
        </attrdomv>
      </attr>
      <attr>
        <attrlabl>CITY</attrlabl>
        <attrdef>City name listed on the facility license issued by California Dept of Public Health, Licensing and Certification.</attrdef>
        <attrdefs>OSHPD</attrdefs>
      </attr>
      <attr>
        <attrlabl>ObjectID</attrlabl>
      </attr>
      <attr>
        <attrlabl>Loc_name</attrlabl>
      </attr>
      <attr>
        <attrlabl>Status</attrlabl>
      </attr>
      <attr>
        <attrlabl>Score</attrlabl>
      </attr>
      <attr>
        <attrlabl>Match_type</attrlabl>
      </attr>
      <attr>
        <attrlabl>Match_addr</attrlabl>
      </attr>
      <attr>
        <attrlabl>Side</attrlabl>
      </attr>
      <attr>
        <attrlabl>X</attrlabl>
      </attr>
      <attr>
        <attrlabl>Y</attrlabl>
      </attr>
      <attr>
        <attrlabl>Addr_type</attrlabl>
      </attr>
      <attr>
        <attrlabl>xmin</attrlabl>
      </attr>
      <attr>
        <attrlabl>xmax</attrlabl>
      </attr>
      <attr>
        <attrlabl>ymin</attrlabl>
      </attr>
      <attr>
        <attrlabl>ymax</attrlabl>
      </attr>
      <attr>
        <attrlabl>ZIP</attrlabl>
      </attr>
      <attr>
        <attrlabl>ZIP4</attrlabl>
      </attr>
      <attr>
        <attrlabl>ARC_Street</attrlabl>
      </attr>
      <attr>
        <attrlabl>ARC_City</attrlabl>
      </attr>
      <attr>
        <attrlabl>ARC_State</attrlabl>
      </attr>
      <attr>
        <attrlabl>ARC_ZIP</attrlabl>
      </attr>
      <attr>
        <attrlabl>ARC_ZIP4</attrlabl>
      </attr>
      <attr>
        <attrlabl>CCN</attrlabl>
      </attr>
      <attr>
        <attrlabl>Provider_N</attrlabl>
      </attr>
      <attr>
        <attrlabl>Address</attrlabl>
      </attr>
      <attr>
        <attrlabl>Address2</attrlabl>
      </attr>
      <attr>
        <attrlabl>City2</attrlabl>
      </attr>
      <attr>
        <attrlabl>STATE</attrlabl>
        <attrdef>State abbreviation listed on facility license.</attrdef>
        <attrdefs>OSHPD</attrdefs>
      </attr>
      <attr>
        <attrlabl>SHAPE</attrlabl>
        <attrdef>Feature geometry.</attrdef>
        <attrdefs>ESRI</attrdefs>
        <attrdomv>
          <udom>Coordinates defining the features.</udom>
        </attrdomv>
      </attr>
      <attr>
        <attrlabl>ZIP_1</attrlabl>
      </attr>
      <attr>
        <attrlabl>County_Nam</attrlabl>
      </attr>
      <attr>
        <attrlabl>Ylatitude</attrlabl>
      </attr>
      <attr>
        <attrlabl>Xlongitude</attrlabl>
      </attr>
    </detailed>
  </eainfo>
  <distinfo>
    <distrib>
      <cntinfo>
        <cntorgp>
          <cntorg>Stanford Geospatial Center</cntorg>
        </cntorgp>
        <cntaddr>
          <addrtype>mailing and physical</addrtype>
          <address>Branner Earth Sciences Library</address>
          <city>Stanford</city>
          <state>California</state>
          <postal>94305</postal>
          <country>US</country>
        </cntaddr>
        <cntvoice>650-723-2746</cntvoice>
        <cntemail>brannerlibrary@stanford.edu</cntemail>
      </cntinfo>
    </distrib>
    <distliab>See access and use constraints information.</distliab>
  </distinfo>
  <metainfo>
    <metd>20160703</metd>
    <metc>
      <cntinfo>
        <cntorgp>
          <cntorg>California Office of Statewide Planning and Development</cntorg>
          <cntper>Michael O'Neill</cntper>
        </cntorgp>
        <cntpos>Senior GIS Architect</cntpos>
        <cntaddr>
          <addrtype>mailing and physical</addrtype>
          <address>400 R Street</address>
          <city>Sacramento</city>
          <state>CA</state>
          <postal>95811</postal>
          <country>US</country>
        </cntaddr>
        <cntvoice>(916) 326-3982</cntvoice>
        <cntemail>moneill@oshpd.ca.gov</cntemail>
      </cntinfo>
    </metc>
    <metstdn>FGDC Content Standard for Digital Geospatial Metadata</metstdn>
    <metstdv>FGDC-STD-001-1998</metstdv>
    <mettc>local time</mettc>
  </metainfo>
</metadata>
